title,blog_index_source
What Bay Area Property Managers Should Know About the 2027 Water Heater Rules,https://www.waterheaterboys.com/blog
Should You Install an Electric Tankless Water Heater?,https://www.waterheaterboys.com/blog
Thinking About a Heat Pump Water Heater? Here’s What Bay Area Homeowners Should Know Before Replacing Their Old Gas Unit,https://www.waterheaterboys.com/blog
Tankless Water Heater Descaling: Why It Matters and How Often You Should Do It,https://www.waterheaterboys.com/blog
Sewer Line Repair in the Bay Area: What Homeowners Should Know Before Paying for Another Clearing,https://www.waterheaterboys.com/blog
Your Shower Water Might Be Aging Your Skin Faster Than You Think. Here’s Why Whole House Filtration Matters.,https://www.waterheaterboys.com/blog
Is It Time to Replace Your Toilet? Here’s Why Upgrading Makes Sense,https://www.waterheaterboys.com/blog
Water Heater Replacement Cost in the Bay Area: What to Expect and How to Save,https://www.waterheaterboys.com/blog
Replacing a Water Heater in California Is About to Get Harder. Here’s How to Prepare,https://www.waterheaterboys.com/blog
Understanding Tankless Heater Pricing: Factors Influencing Installation Costs,https://www.waterheaterboys.com/blog
Essential Tips for Maintaining Your Gas Water Heater,https://www.waterheaterboys.com/blog
Why Choosing a Professional Water Heater Over Big Box Stores Saves You Money,https://www.waterheaterboys.com/blog
Why Every Home Needs a Plumbing Inspection (and Why We Offer It for Free),https://www.waterheaterboys.com/blog
