page,current_wix_url
Home,https://www.waterheaterboys.com/
About Us,https://www.waterheaterboys.com/about-us
Service Locations,https://www.waterheaterboys.com/service-locations-bayarea
General Plumbing,https://www.waterheaterboys.com/general-plumbing
Gas Tank Water Heater Installations,https://www.waterheaterboys.com/services/gas-tank-water-heater-installation
Gas Tankless Water Heater Installations,https://www.waterheaterboys.com/services/gas-tankless-water-heater-installations
Hybrid Heat Pump Water Heater Installations,https://www.waterheaterboys.com/services/hybrid-heat-pump-water-heater-installations
Water & Gas Safety Shut-Off Valves,https://www.waterheaterboys.com/services/safety-valves
FAQs,https://www.waterheaterboys.com/faqs
Blog,https://www.waterheaterboys.com/blog
Contact Us,https://www.waterheaterboys.com/contact-us
