category,record_id,image_filename,associated_title,city,source_page,association_status
gas-tank,gas-tank-001,8c23a18e-f764-4784-80c3-242e401f2d0a_edited.jpg,Walnut Creek-Bradford White 50-Gallon 94595,Walnut Creek,https://www.waterheaterboys.com/services/gas-tank-water-heater-installation,MATCHED_TO_JOB
gas-tank,gas-tank-002,Kim.png,Burlingame -Bradford White 40-Gallon 94595,Burlingame,https://www.waterheaterboys.com/services/gas-tank-water-heater-installation,MATCHED_TO_JOB
gas-tank,gas-tank-003,F089E7DE-5F34-4C37-8124-655AF1E4BED3_edited.jpg,Walnut Creek -Bradford White 50-Gallon 94595,Walnut Creek,https://www.waterheaterboys.com/services/gas-tank-water-heater-installation,MATCHED_TO_JOB
gas-tank,gas-tank-004,bradford_white_40_gallon_edited.jpg,Concord -Bradford White 40 Gallon Gas Tank Water Heater Installation,Concord,https://www.waterheaterboys.com/services/gas-tank-water-heater-installation,MATCHED_TO_JOB
gas-tank,gas-tank-005,40 gallon bradford white_edited.jpg,Pleasanton -Bradford White 40 Gallon Gas Tank Water Heater Installation,Pleasanton,https://www.waterheaterboys.com/services/gas-tank-water-heater-installation,MATCHED_TO_JOB
gas-tank,gas-tank-006,dorothy.jpg,Los Altos Hills -Bradford White 40 Gallon Gas Tank Water Heater Installation,Los Altos Hills,https://www.waterheaterboys.com/services/gas-tank-water-heater-installation,MATCHED_TO_JOB
gas-tank,gas-tank-007,Annalissa.jfif,San Francisco -Bradford White 50 Gallon Gas Tank Water Heater Installation,San Francisco,https://www.waterheaterboys.com/services/gas-tank-water-heater-installation,MATCHED_TO_JOB
gas-tank,gas-tank-008,Harminder.png,Sunnyvale-Bradford White 40 Gallon Gas Tank Water Heater Installation,Sunnyvale,https://www.waterheaterboys.com/services/gas-tank-water-heater-installation,MATCHED_TO_JOB
gas-tank,gas-tank-009,Hilton.jfif,Palo Alto - Bradford White 30 Gallon Gas Tank Water Heater Installation,Palo Alto,https://www.waterheaterboys.com/services/gas-tank-water-heater-installation,MATCHED_TO_JOB
gas-tank,gas-tank-010,IMG_8947_edited.jpg,Danville - Bradford White 75 Gallon Gas Tank Water Heater Installation,Danville,https://www.waterheaterboys.com/services/gas-tank-water-heater-installation,MATCHED_TO_JOB
gas-tank,gas-tank-011,neil_edited.jpg,Union City - Bradford White 50 Gallon Gas Tank Water Heater Installation,Union City,https://www.waterheaterboys.com/services/gas-tank-water-heater-installation,MATCHED_TO_JOB
gas-tank,gas-tank-012,Keith.png,San Mateo - Bradford White 40 Gallon Gas Tank Water Heater Installation,San Mateo,https://www.waterheaterboys.com/services/gas-tank-water-heater-installation,MATCHED_TO_JOB
gas-tank,gas-tank-013,Gabby.png,San Francisco - Bradford White 50 Gallon Gas Tank Water Heater Installation,San Francisco,https://www.waterheaterboys.com/services/gas-tank-water-heater-installation,MATCHED_TO_JOB
gas-tank,gas-tank-014,DavidSmith.jfif,San Mateo - Rheem 40 Gallon Gas Water Heater Installation,San Mateo,https://www.waterheaterboys.com/services/gas-tank-water-heater-installation,MATCHED_TO_JOB
gas-tank,gas-tank-015,Blackburn.1.png,Palo Alto - Bradford White 75 Gallon Gas Water Heater Installation,Palo Alto,https://www.waterheaterboys.com/services/gas-tank-water-heater-installation,MATCHED_TO_JOB
gas-tank,gas-tank-016,Harjit.LosAltos.jpg,Los Altos Hills - Bradford White 75 Gallon Gas Water Heater Installation,Los Altos Hills,https://www.waterheaterboys.com/services/gas-tank-water-heater-installation,MATCHED_TO_JOB
gas-tank,gas-tank-017,Yibo.Burlingame.jpg,Burlingame -Bradford White 50 Gallon Gallon 'Tall' Gas Water Heater Installation,Burlingame,https://www.waterheaterboys.com/services/gas-tank-water-heater-installation,MATCHED_TO_JOB
gas-tank,gas-tank-018,93FDC8CA-1A48-4136-8140-98B45EEDA8B5 (1)_edited.jpg,Danville/Blackhawk - Bradford White 50-gallon Gas Tank Water Heater Installation 94526,Danville/Blackhawk,https://www.waterheaterboys.com/services/gas-tank-water-heater-installation,MATCHED_TO_JOB
gas-tank,gas-tank-019,CB16344B-8E48-47AD-9F50-25418BAA2473_edited.jpg,Livermore - Bradford White 40-gallon Gas Tank Water Heater Installation 94550,Livermore,https://www.waterheaterboys.com/services/gas-tank-water-heater-installation,MATCHED_TO_JOB
gas-tank,gas-tank-020,chan_edited.png,San Francisco - Bradford White 40-gallon Gas Tank Water Heater Installation 94116,San Francisco,https://www.waterheaterboys.com/services/gas-tank-water-heater-installation,MATCHED_TO_JOB
gas-tank,gas-tank-021,shawn_edited.jpg,San Jose - Bradford White 40-gallon Gas Tank Water Heater Installation 95123,San Jose,https://www.waterheaterboys.com/services/gas-tank-water-heater-installation,MATCHED_TO_JOB
gas-tank,gas-tank-022,0FA2D126-C790-4A01-BFC2-4E8757EEF34C_edited.jpg,Walnut Creek - Bradford White 40-gallon Gas Tank Water Heater Installation 94595,Walnut Creek,https://www.waterheaterboys.com/services/gas-tank-water-heater-installation,MATCHED_TO_JOB
gas-tank,gas-tank-023,A69B7DCC-7E7E-45AB-8C94-57FA4EE950DF_edi,Fremont - Bradford White 50-gallon Gas Tank Water Heater Installation,Fremont,https://www.waterheaterboys.com/services/gas-tank-water-heater-installation,MATCHED_TO_JOB
gas-tank,gas-tank-024,shishir.png,San Ramon - Bradford White 50-Gallon Water Heater Installation 94583,San Ramon,https://www.waterheaterboys.com/services/gas-tank-water-heater-installation,MATCHED_TO_JOB
gas-tank,gas-tank-025,Screenshot 2025-12-19 085350_edited.jpg,Daly City - Rheem 50-gallon Gas Tank Water Heater Installation,Daly City,https://www.waterheaterboys.com/services/gas-tank-water-heater-installation,MATCHED_TO_JOB
gas-tank,gas-tank-026,FA0C7DF3-AF66-4156-ADC0-53220C89C5ED_edited.jpg,San Bruno - Bradford White 50-gallon Gas Tank Water Heater Installation,San Bruno,https://www.waterheaterboys.com/services/gas-tank-water-heater-installation,MATCHED_TO_JOB
gas-tank,gas-tank-027,B4661B73-0F46-4D52-A6C8-FB996CC2FA18_edited.jpg,Concord - Bradford White 40-gallon Gas Tank Water Heater Installation 94519,Concord,https://www.waterheaterboys.com/services/gas-tank-water-heater-installation,MATCHED_TO_JOB
gas-tank,gas-tank-028,eric_edited.jpg,Danville - Bradford White 50-gallon Gas Tank Water Heater Installation 94506,Danville,https://www.waterheaterboys.com/services/gas-tank-water-heater-installation,MATCHED_TO_JOB
gas-tank,gas-tank-029,georgia,San Carlos - Bradford White 40-gallon Gas Tank Water Heater Installation 94070,San Carlos,https://www.waterheaterboys.com/services/gas-tank-water-heater-installation,MATCHED_TO_JOB
gas-tank,gas-tank-030,eyJidWNrZXQiOiJqb2JiZXIiLCJrZXkiOiJub3RlX2ZpbGVfYXR0YWNobWVudHMvOTY3Ny00MDY4OTE5NzYvb3JpZ2,Danville -Bradford White 40-Gallon 94526,Danville,https://www.waterheaterboys.com/services/gas-tank-water-heater-installation,MATCHED_TO_JOB
gas-tank,gas-tank-031,IMG_9439_edited.jpg,San Ramon -Bradford White 50-Gallon 94595,San Ramon,https://www.waterheaterboys.com/services/gas-tank-water-heater-installation,MATCHED_TO_JOB
gas-tank,gas-tank-032,ao_smith_power_vent_edited.jpg,Dublin -AO Smith 50 Gallon Power Vent Gas Tank Water Heater Installation,Dublin,https://www.waterheaterboys.com/services/gas-tank-water-heater-installation,MATCHED_TO_JOB
gas-tank,gas-tank-033,0661050c-204c-45ed-bdda-f36398dc5647.png,San Francisco -Bradford White 75 Gallon Gas Tank Water Heater Installation,San Francisco,https://www.waterheaterboys.com/services/gas-tank-water-heater-installation,MATCHED_TO_JOB
gas-tank,gas-tank-034,b6b757f0-66d3-41a6-94e3-abb04421ac6c.png,Belmont -Bradford White 50 Gallon Gas Tank Water Heater Installation,Belmont,https://www.waterheaterboys.com/services/gas-tank-water-heater-installation,MATCHED_TO_JOB
gas-tank,gas-tank-035,Xi.jfif,Palo Alto -Bradford White 50 Gallon Gas Tank Water Heater Installation,Palo Alto,https://www.waterheaterboys.com/services/gas-tank-water-heater-installation,MATCHED_TO_JOB
gas-tank,gas-tank-036,ZHOU.png,Palo Alto -Bradford White 40 Gallon Gas Tank Water Heater Installation,Palo Alto,https://www.waterheaterboys.com/services/gas-tank-water-heater-installation,MATCHED_TO_JOB
gas-tank,gas-tank-037,IMG_8410.HEIC,San Carlos - Rheem 50 Gallon Gas Tank Water Heater Installation,San Carlos,https://www.waterheaterboys.com/services/gas-tank-water-heater-installation,MATCHED_TO_JOB
gas-tank,gas-tank-038,40_gallon_bradford_white_edited.jpg,Danville - Bradford White 40 Gallon Gas Tank Water Heater Installation,Danville,https://www.waterheaterboys.com/services/gas-tank-water-heater-installation,MATCHED_TO_JOB
gas-tank,gas-tank-039,AFC0647A-4919-40EC-AD06-196EB7818438_edited.jpg,Danville - Bradford White 40 Gallon Gas Tank Water Heater Installation,Danville,https://www.waterheaterboys.com/services/gas-tank-water-heater-installation,MATCHED_TO_JOB
gas-tank,gas-tank-040,bradford 75 gallon,Danville - Bradford White 75 Gallon Gas Tank Water Heater Installation,Danville,https://www.waterheaterboys.com/services/gas-tank-water-heater-installation,MATCHED_TO_JOB
gas-tank,gas-tank-041,ryan_edited.jpg,San Francisco - Bradford White 40 Gallon Gas Tank Water Heater Installation 94109,San Francisco,https://www.waterheaterboys.com/services/gas-tank-water-heater-installation,MATCHED_TO_JOB
gas-tank,gas-tank-042,erich_edited.jpg,San Francisco - Bradford White 40 Gallon Gas Tank Water Heater Installation,San Francisco,https://www.waterheaterboys.com/services/gas-tank-water-heater-installation,MATCHED_TO_JOB
gas-tank,gas-tank-043,Marcos.png,Redwood Shores - Bradford White 50 Gallon Gas Water Heater Installation,Redwood Shores,https://www.waterheaterboys.com/services/gas-tank-water-heater-installation,MATCHED_TO_JOB
gas-tank,gas-tank-044,Vadim.png,San Francisco - 100 Gallon Bradford White 'Light Duty' Commercial Gas Water Heater,San Francisco,https://www.waterheaterboys.com/services/gas-tank-water-heater-installation,MATCHED_TO_JOB
gas-tank,gas-tank-045,G.Norman.SF.png,San Francisco - Bradford White 50 Gallon Gas Water Heater Installation,San Francisco,https://www.waterheaterboys.com/services/gas-tank-water-heater-installation,MATCHED_TO_JOB
gas-tank,gas-tank-046,441B14D4-7ACC-4267-8A09-E5AD15D5EA2E_edited.jpg,Livermore - Bradford White 50-gallon Gas Tank Water Heater Installation 94550,Livermore,https://www.waterheaterboys.com/services/gas-tank-water-heater-installation,MATCHED_TO_JOB
gas-tank,gas-tank-047,Screenshot 2026-01-22 142958_edited.jpg,Castro Valley - Bradford White 40-gallon Gas Tank Water Heater Installation 94552,Castro Valley,https://www.waterheaterboys.com/services/gas-tank-water-heater-installation,MATCHED_TO_JOB
gas-tank,gas-tank-048,chris_edited_edited.jpg,San Carlos - Bradford White 50-gallon Gas Tank Water Heater Installation 94070,San Carlos,https://www.waterheaterboys.com/services/gas-tank-water-heater-installation,MATCHED_TO_JOB
gas-tank,gas-tank-049,jp_edited.jpg,Fremont - Bradford White 40-gallon Gas Tank Water Heater Installation 94536,Fremont,https://www.waterheaterboys.com/services/gas-tank-water-heater-installation,MATCHED_TO_JOB
gas-tank,gas-tank-050,lesley_edited.jpg,Daly City - Bradford White 40-gallon Gas Tank Water Heater Installation 94015,Daly City,https://www.waterheaterboys.com/services/gas-tank-water-heater-installation,MATCHED_TO_JOB
gas-tank,gas-tank-051,0021C00A-4946-4A87-A7D7-451CCF7C0303_edited.jpg,Foster City - Bradford White 50-gallon Gas Tank Water Heater Installation 94404,Foster City,https://www.waterheaterboys.com/services/gas-tank-water-heater-installation,MATCHED_TO_JOB
gas-tank,gas-tank-052,kam.png,San Ramon - Bradford White 50-Gallon Water Heater Installation 94583,San Ramon,https://www.waterheaterboys.com/services/gas-tank-water-heater-installation,MATCHED_TO_JOB
gas-tank,gas-tank-053,shiela_edited.jpg,San Mateo - Bradford White 40-gallon Gas Tank Water Heater Installation,San Mateo,https://www.waterheaterboys.com/services/gas-tank-water-heater-installation,MATCHED_TO_JOB
gas-tank,gas-tank-054,DF55E281-3BC8-4A49-8633-774297F5459B.png,Walnut Creek - 50-Gallon Bradford White with Expansion Tank 94595,Walnut Creek,https://www.waterheaterboys.com/services/gas-tank-water-heater-installation,MATCHED_TO_JOB
gas-tank,gas-tank-055,0F684829-FCBF-4C80-9423-EF8CB170DE4C_edited.jpg,San Jose - Bradford White 40-gallon Gas Tank Water Heater Installation,San Jose,https://www.waterheaterboys.com/services/gas-tank-water-heater-installation,MATCHED_TO_JOB
gas-tank,gas-tank-056,IMG_7160.JPG,Pleasant Hill - Bradford White 40-gallon Gas Tank Water Heater Installation 94523,Pleasant Hill,https://www.waterheaterboys.com/services/gas-tank-water-heater-installation,MATCHED_TO_JOB
gas-tank,gas-tank-057,Henry_edited_edited.png,San Francisco - Bradford White 50-gallon Gas Tank Water Heater Installation 94118,San Francisco,https://www.waterheaterboys.com/services/gas-tank-water-heater-installation,MATCHED_TO_JOB
tankless,tankless-001,meiko_edited.jpg,Walnut Creek - Navien 199k BTU Gas Tankless Water Heater Installation 94550,Walnut Creek,https://www.waterheaterboys.com/services/gas-tankless-water-heater-installations,MATCHED_TO_JOB
tankless,tankless-002,14F7B6D9-1CFC-4FC6-A4E3-9BC0EAEE92E0.heic,Redwood city - Navien 199k BTU Gas Tankless Water Heater Installation,Redwood City,https://www.waterheaterboys.com/services/gas-tankless-water-heater-installations,MATCHED_TO_JOB
tankless,tankless-003,IMG_2296.jpeg,San Francisco - Navien 199k BTU Gas Tankless Water Heater Installation,San Francisco,https://www.waterheaterboys.com/services/gas-tankless-water-heater-installations,MATCHED_TO_JOB
tankless,tankless-004,IMG_3273.jpeg,San Francisco - Vesta 199k BTU Tankless Water Heater Install 94121,San Francisco,https://www.waterheaterboys.com/services/gas-tankless-water-heater-installations,MATCHED_TO_JOB
tankless,tankless-005,FullSizeRender.jpeg,San Ramon - A.O. Smith 199k BTU Gas Tankless Water Heater Installation,San Ramon,https://www.waterheaterboys.com/services/gas-tankless-water-heater-installations,MATCHED_TO_JOB
tankless,tankless-006,FullSizeRender_edited.jpg,Santa Clara - Navien 199k BTU Gas Tankless Water Heater Installation,Santa Clara,https://www.waterheaterboys.com/services/gas-tankless-water-heater-installations,MATCHED_TO_JOB
heat-pump,heat-pump-001,Gaurav.2.png,Hillsborough - Bradford White 80-Gallon AeroTherm Series Heat Pump Water Heater with Bradford White Connect Smart Feature,Hillsborough,https://www.waterheaterboys.com/services/hybrid-heat-pump-water-heater-installations,MATCHED_TO_JOB
heat-pump,heat-pump-002,margaret_edited.jpg,Oakland - Rheem 80-gallon Hybrid Water Heater Installation,Oakland,https://www.waterheaterboys.com/services/hybrid-heat-pump-water-heater-installations,MATCHED_TO_JOB
heat-pump,heat-pump-003,srikanth_edited.jpg,Fremont - AO Smith 66-Gallon Hybrid Water Heater Installation,Fremont,https://www.waterheaterboys.com/services/hybrid-heat-pump-water-heater-installations,MATCHED_TO_JOB
heat-pump,heat-pump-004,ryan_edited.jpg,San Carlos - Rheem 80-gallon Hybrid Water Heater Installation,San Carlos,https://www.waterheaterboys.com/services/hybrid-heat-pump-water-heater-installations,MATCHED_TO_JOB
heat-pump,heat-pump-005,barb_edited.jpg,Clayton - Navien 80-gallon Hybrid Water Heater Installation,Clayton,https://www.waterheaterboys.com/services/hybrid-heat-pump-water-heater-installations,MATCHED_TO_JOB
heat-pump,heat-pump-006,arlina_edited.jpg,Newark - AO Smith 80-Gallon Hybrid Water Heater Installation,Newark,https://www.waterheaterboys.com/services/hybrid-heat-pump-water-heater-installations,MATCHED_TO_JOB
heat-pump,heat-pump-007,jason_edited.jpg,Danville - Rheem 80-gallon Hybrid Water Heater Installation,Danville,https://www.waterheaterboys.com/services/hybrid-heat-pump-water-heater-installations,MATCHED_TO_JOB
service-page,,IMG_6779.jpeg,Fixture Upgrades,,https://www.waterheaterboys.com/general-plumbing,MATCHED_TO_SECTION
service-page,,C9968270-9CF5-478A-AC43-1DB2C43F44CF2.png,Bathroom Upgrades,,https://www.waterheaterboys.com/general-plumbing,MATCHED_TO_SECTION
service-page,,IMG_6790.jpeg,Drain Work,,https://www.waterheaterboys.com/general-plumbing,MATCHED_TO_SECTION
service-page,,Screenshot 2025-11-11 141402.png,Gas Leak Repair,,https://www.waterheaterboys.com/general-plumbing,MATCHED_TO_SECTION
service-page,,IMG_6299_edited.jpg,Seismic Gas Shut-Off Valves,,https://www.waterheaterboys.com/general-plumbing,MATCHED_TO_SECTION
service-page,,Screenshot 2025-08-06 073355.png,Smart Water Shut-Off Systems,,https://www.waterheaterboys.com/general-plumbing,MATCHED_TO_SECTION
service-page,,seismic for website.png,Earthquake Gas Shut-Off Valve,,https://www.waterheaterboys.com/services/safety-valves,MATCHED_TO_SECTION
service-page,,moen for website.png,Moen Flo Water Shut-Off Valve,,https://www.waterheaterboys.com/services/safety-valves,MATCHED_TO_SECTION
